telegramGroupName,contracts
OpenGreenToken,0XBDB30A4509E9BF2A0CD6695F3AB4C4E9A4C789BF
TFStokenChat,0X7A2261022487C1AED6F53571494C46A1B4A213FA
mi4bsc,0XF09841020F7B2430DE847E9E9200802D927E7201
ProjectOasis_Official,0XB19289B436B2F7A92891AC391D8F52580D3087E4
Upcakecommunity,0XDD1F88B0077FBAEC3D0343E2CB55BA27CDC83342
Digimooncoin,0XC74FAD0DC87C2E6DE67AF5225ECA28916595E24E
BusdUP,0XF2E8DB88AE3C90D8BD67D7D3A5B7D8EC85BB2EAC
SpaceXFloki_official,0X09756234F29BDDC18ECB83DB8398D0DDA90071A1
Fegnomics,0X16E6547D5A11803A60BC6D276E94E64D77A86BF4
mermaidtoken,0X238C5C0C074126226F4AFC5C667EE3C623AA0791
EmperorDogeOffical,0X0D1CD07E959A701DFD361C98D40CE48691D8718C
corgixcoin,0X2D32D2F043F6193FC871A13FA613519F3D3F2EBF
gunmania_official,0X4A8FBD5832BE12224F979C3FBC0181858E87318F
Fegnomics,0X7F3058B872555ECB3A2723D4FCF2A56A0B8488CA
RobMusk,0XC94AB4D5F31826564791F801D14837ADC5B2A5BC
FuturaBSC,0X183B2C147FE11788B73BC0D6A7E0186AA5464BFA
